"senti","longi","lati"
-1.70473045498432,0.351222142118533,0.520637635710033
0.0366608699996628,0.441545295482279,0.719570471426764
1.77805219498364,-0.99812826451497,-0.318352135834362
0.0366608699996628,-0.998063060268907,-0.318760328579488
-1.70473045498432,-0.34570916829275,-0.408496267123093
1.77805219498364,-0.997510446407068,-0.308907599750619
1.77805219498364,-0.977590265925512,-0.363463748820069
0.0366608699996628,0.35759735567156,0.507481528824116
-1.70473045498432,-0.898827395153886,-0.0545213550963943
1.77805219498364,-1.11926087910936,0.156275141590681
0.0366608699996628,0.164413404173942,-1.28910923957121
-1.70473045498432,-0.998156254243543,-0.318167169642571
0.0366608699996628,-0.866103662467785,1.79040176506874
1.77805219498364,0.357968431715216,0.508129451310565
-1.70473045498432,-0.998171265830686,-0.318213466382034
-1.70473045498432,0.25962049432097,0.294293985239958
-1.70473045498432,-0.343186240020605,-0.454241430601404
0.0366608699996628,-0.343191547699767,-0.454220001493617
0.0366608699996628,0.164332785479683,-1.28998636286125
-1.70473045498432,-0.343227231284499,-0.454009299405869
1.77805219498364,-0.276068266029843,0.334753835340074
-1.70473045498432,-1.12069021918252,0.153920241127619
1.77805219498364,-0.998165717224817,-0.318159225764397
0.0366608699996628,0.347643135170989,0.507025507543736
1.77805219498364,0.378330806887765,0.525795896370649
-1.70473045498432,0.429375492018543,0.745305343718222
1.77805219498364,-1.12063712355426,0.157127187582953
1.77805219498364,-0.904306402371234,-0.0544121893630022
0.0366608699996628,-0.410942302167256,-2.1077088752724
-1.70473045498432,-0.580922312345272,0.411374749218219
0.0366608699996628,2.53244964619079,1.9819527893009
1.77805219498364,-0.297254818959476,-0.806940102668005
0.0366608699996628,-0.297240423816581,-0.806997220644402
0.0366608699996628,-0.297238384598347,-0.806985617476283
0.0366608699996628,-0.29726300591027,-0.806951688569505
0.0366608699996628,-0.297239440057844,-0.806985291877177
0.0366608699996628,-0.297259958931775,-0.806942566861234
0.0366608699996628,-0.297256313738038,-0.806957612253229
0.0366608699996628,-0.142759832399453,-0.806773575992216
0.0366608699996628,-0.142719068086694,-0.80655596232346
0.0366608699996628,-0.142719044996618,-0.806554804226642
0.0366608699996628,-0.142948494721147,-0.806334329232414
0.0366608699996628,-0.142931618914236,-0.80642712744411
0.0366608699996628,-0.142955511977335,-0.806496872252481
0.0366608699996628,-0.142956118091813,-0.806496417153731
-1.70473045498432,0.205572636213417,-0.0889155158624584
0.0366608699996628,2.54121627849182,1.96862850184374
0.0366608699996628,-1.12494570670111,1.11745466994265
-1.70473045498432,3.14636214076379,2.81887767545206
0.0366608699996628,0.168311334280351,-0.451378912499727
1.77805219498364,-0.0715506549533036,0.672401656693377
1.77805219498364,2.53002401524272,2.07700773333013
0.0366608699996628,-0.0714109897714963,0.672828168088172
1.77805219498364,-1.12030459183415,0.156979444522221
0.0366608699996628,-0.0715348713677196,0.672303706862502
0.0366608699996628,-0.0632168579635133,0.660613660515137
1.77805219498364,0.205575568045353,-0.0889219291781711
0.0366608699996628,-0.997854625854929,-0.318880774348554
0.0366608699996628,-0.0685291846108987,0.672814576792181
0.0366608699996628,-0.581007633211848,0.410943027004409
-1.70473045498432,0.246156448384397,0.298514810309583
0.0366608699996628,-0.0717191483979985,0.672281041958109
-1.70473045498432,0.2461555703539,0.2985122079834
0.0366608699996628,0.345425650314776,0.51291818905314
1.77805219498364,2.7620255193961,1.82485636023543
0.0366608699996628,0.164309298011986,-1.28924966528538
0.0366608699996628,0.345579178960111,0.51464283324788
0.0366608699996628,0.164602328081884,-1.28879333320585
0.0366608699996628,0.345574341285509,0.514618883213686
0.0366608699996628,0.129436163683552,-0.975012941308284
0.0366608699996628,0.345567681925489,0.514483483319041
0.0366608699996628,-0.580809876742452,0.410854274114931
0.0366608699996628,-0.58081510360635,0.410865485084128
0.0366608699996628,2.86439652933262,1.87390434923897
0.0366608699996628,-0.304041963710135,-0.836769029744066
0.0366608699996628,0.345625985581008,0.513176257177411
0.0366608699996628,-0.414269352339327,-2.10797225041543
0.0366608699996628,-0.304023658749087,-0.83675155345875
0.0366608699996628,-0.0716089835217989,0.672264491903582
0.0366608699996628,-0.071005732820907,0.671932280916357
-1.70473045498432,2.76202576244952,1.82485647123512
0.0366608699996628,-0.0710053594300832,0.671930844086971
0.0366608699996628,-0.0716209554220496,0.672280736092283
0.0366608699996628,-0.297479779791066,-0.806444212763833
0.0366608699996628,-1.1285221020396,1.10935861242053
0.0366608699996628,-0.0709952848656287,0.67195584245162
0.0366608699996628,-0.297290324811391,-0.80633529616309
0.0366608699996628,-0.0714914565573645,0.672435187234583
1.77805219498364,-0.774586844265064,1.12881298630147
0.0366608699996628,-0.0714847971973444,0.672441392117535
0.0366608699996628,0.0337479046212451,-0.355619501506075
1.77805219498364,0.34569362218422,0.514034304553193
0.0366608699996628,-0.647993985873893,0.335313933634494
-1.70473045498432,5.94682413289877,-2.03068486970179
0.0366608699996628,-0.580934007468435,0.409770697558807
0.0366608699996628,-0.899185788366024,-0.0548867981589779
1.77805219498364,0.0917910430234065,-1.05474181951373
0.0366608699996628,-0.77457936794172,1.12881516929547
0.0366608699996628,-0.774584457784251,1.12881536169495
0.0366608699996628,-0.774585880862052,1.12881930095079
0.0366608699996628,-0.774586937536816,1.12880270896304
0.0366608699996628,-0.297176899373499,-0.806950714238849
1.77805219498364,7.01101311796768,-9.1949444260142
1.77805219498364,7.01100620309775,-9.19492347173844
0.0366608699996628,-0.997914473507329,-0.318922785266459
0.0366608699996628,-0.297284692655907,-0.806594761650189
0.0366608699996628,-0.898877231435722,-0.0542775084997157
-1.70473045498432,-0.0642925474044852,0.666402472209931
-1.70473045498432,-0.0716094091691089,0.672443544278288
1.77805219498364,-0.0663925867191619,0.672125884117751
-1.70473045498432,2.7620257837167,1.82485648356842
0.0366608699996628,-0.931724991246283,0.868392233360857
-1.70473045498432,0.246360211615368,0.299127966458223
-1.70473045498432,-0.931733728713085,0.868387187808054
0.0366608699996628,-0.580854284729863,0.410946512394833
0.0366608699996628,0.345627245813016,0.514308277700431
0.0366608699996628,-1.11644867077785,1.34586365597139
0.0366608699996628,-1.11645802225836,1.34585336999966
0.0366608699996628,-0.580868942370457,0.410941824507713
1.77805219498364,7.0079562927703,-9.17355055446217
0.0366608699996628,-0.580854220928339,0.410946993393511
0.0366608699996628,-0.580853780394007,0.410947326392596
0.0366608699996628,-0.580911246730478,0.410956439467557
0.0366608699996628,-1.1150478660882,0.16138876680727
0.0366608699996628,-0.297270963175579,-0.806548262644615
0.0366608699996628,-0.297271198329767,-0.806544703254395
0.0366608699996628,-0.071743824396942,0.672408685440732
-1.70473045498432,-0.0714685663934591,0.671908663881246
-1.70473045498432,0.160412124713178,-1.32405373929184
0.0366608699996628,0.0811927953565133,0.42816865404234
0.0366608699996628,0.0812010038782989,0.428150711558305
0.0366608699996628,0.246373463495717,0.298340612321539
1.77805219498364,-0.297290380106045,-0.80634109898048
0.0366608699996628,-0.297290010361023,-0.806343474373953
0.0366608699996628,0.34567731816049,0.513985814953089
0.0366608699996628,0.0810851913519595,0.42814124328432
1.77805219498364,6.06052645026469,-1.7529426871198
0.0366608699996628,-1.11899354130554,0.134822297134022
0.0366608699996628,-0.99789107870375,-0.31880685471832
0.0366608699996628,0.140511059775841,-0.189204672710285
-1.70473045498432,-1.11921976753402,0.134636327011656
1.77805219498364,-2.19854617427703,-1.87435641052625
0.0366608699996628,0.246383957934962,0.299867791758829
0.0366608699996628,0.246036294923892,0.297362851774678
0.0366608699996628,-1.11908570929091,0.134649051276695
0.0366608699996628,-1.11910441346721,0.134755593717295
0.0366608699996628,0.246525803002172,0.299666794744418
0.0366608699996628,0.144717518253775,-0.179569124651361
0.0366608699996628,-0.76510106397192,0.8728928504284
0.0366608699996628,-0.580697650469394,0.410816894350968
-1.70473045498432,0.164419839620994,-1.28928549722026
0.0366608699996628,0.142172002115422,-0.188166946428185
0.0366608699996628,0.141545440464383,-0.187551168220082
-1.70473045498432,-0.414303034075289,-2.108567355547
0.0366608699996628,-0.413438582973365,-2.11027905347731
0.0366608699996628,-1.11921370699688,0.134579125168823
0.0366608699996628,-1.11921138705194,0.1345531105403
0.0366608699996628,0.348211648676422,0.51776721936339
0.0366608699996628,0.52114114467168,-2.22689772819186
0.0366608699996628,0.246230599123207,0.29800581750808
1.77805219498364,6.29346394495357,-0.647358242431442
0.0366608699996628,-0.941782738530209,-0.330811474201372
0.0366608699996628,-0.941774701057271,-0.3308021588603
0.0366608699996628,0.352451488111705,0.518504582937426
0.0366608699996628,0.0371308689298534,-0.324431224064933
0.0366608699996628,0.0371323816336052,-0.324397620757261
0.0366608699996628,0.250062599469081,-1.41131979155498
1.77805219498364,0.441644527511618,0.719608655321851
-1.70473045498432,-0.590588816227626,0.396965642008349
0.0366608699996628,0.521163320258516,-2.22668288828215
0.0366608699996628,0.521199894026417,-2.22661741202872
0.0366608699996628,0.521163315397448,-2.2266924293226
1.77805219498364,0.521146681124878,-2.22684676206523
0.0366608699996628,0.382355650074238,0.871993627099085
0.0366608699996628,-0.299412050567887,-0.827727437353203
-1.70473045498432,-0.0710919782019474,0.667815346627951
-1.70473045498432,-0.0714898202001828,0.672679464263413
-1.70473045498432,-0.0714891366124258,0.672693487224884
0.0366608699996628,-0.966278163666278,-0.312129696430994
-1.70473045498432,-0.997910031705992,-0.318724653277509
-1.70473045498432,-0.0628853188128214,0.658508436599402
0.0366608699996628,-0.0628763100376344,0.658506832037143
0.0366608699996628,-0.0628825230908038,0.65850557650726
0.0366608699996628,-0.587788129236075,0.401059261427482
0.0366608699996628,-0.586126150881271,0.400494551712399
0.0366608699996628,-0.581697514837276,0.407939248224189
0.0366608699996628,-0.581697514837276,0.407939248224189
0.0366608699996628,-0.0628849785380267,0.658507831034399
0.0366608699996628,-0.580920664443052,0.409773142018758
0.0366608699996628,0.351182410782829,0.517003657394669
0.0366608699996628,-0.297151551028019,-0.8068024679795
0.0366608699996628,0.351130908673584,0.51658482471211
0.0366608699996628,0.10426219901012,0.214780051777273
-1.70473045498432,-1.11962367401902,0.134201557239552
0.0366608699996628,-0.29723489040155,-0.806943468425424
1.77805219498364,0.357616182893655,0.508537406023011
-1.70473045498432,-0.337941100631412,1.62929401299135
0.0366608699996628,-0.297293490886064,-0.806856586497472
0.0366608699996628,-0.0705485924710117,0.670768777179839
0.0366608699996628,-1.1197280268802,0.155488474418777
-1.70473045498432,0.0336089707264293,-0.356027563518227
0.0366608699996628,0.0337467212548835,-0.355630811141668
0.0366608699996628,0.434848429280426,0.721326746834596
-1.70473045498432,0.180447099631041,0.882671613993828
-1.70473045498432,-1.12529327917478,1.11778344980597
0.0366608699996628,0.123576294484035,-1.00865441190909
1.77805219498364,4.27443678458474,-1.41197616358488
0.0366608699996628,-1.12529316524348,1.11779436724264
0.0366608699996628,-1.11910999032804,0.13487650691841
1.77805219498364,4.27443970639073,-1.41199929592133
0.0366608699996628,4.27444400327146,-1.41203002927022
1.77805219498364,-0.300348183897276,-0.785857378061079
0.0366608699996628,4.27444450001189,-1.41203365649358
-1.70473045498432,-0.297101405156883,-0.806868247632099
0.0366608699996628,-1.11911053051427,0.134878255780272
0.0366608699996628,0.341843495825382,0.505323797119316
1.77805219498364,-1.12050207821043,0.154820245154788
0.0366608699996628,-1.11910574813432,0.134930964602116
-1.70473045498432,-0.802860239882144,0.52542631918609
0.0366608699996628,0.343398198905389,0.514415151906786
1.77805219498364,-0.802734268330285,0.523316042317572
-1.70473045498432,-0.940446649853057,-0.333740213487769
0.0366608699996628,-1.11980380364643,0.155206731292888
1.77805219498364,0.345960894667434,0.516302069022336
0.0366608699996628,0.345397793657953,0.51300108609204
0.0366608699996628,0.345658039162842,0.514123353441858
1.77805219498364,-1.11906392258955,0.134914777146592
0.0366608699996628,0.345703999957821,0.514073752611474
0.0366608699996628,-1.11906190524613,0.134968895664565
0.0366608699996628,-1.11906392258955,0.134954885036393
0.0366608699996628,0.345432674254933,0.513082524101617
1.77805219498364,-0.9978738781167,-0.30404181341974
1.77805219498364,-0.00639539326935661,0.208016953826072
0.0366608699996628,0.246132394906037,0.298324154766757
-1.70473045498432,0.354815073900595,0.523833986627813
0.0366608699996628,-1.11956029662326,0.136578493608737
0.0366608699996628,0.0812175096363709,0.42821812907307
0.0366608699996628,0.0313579542197434,0.180864281196795
0.0366608699996628,0.0313579542197434,0.180864281196795
0.0366608699996628,0.0811979775593447,0.428179848978248
0.0366608699996628,-1.06601720093074,-0.158798915985774
0.0366608699996628,-1.06600746026093,-0.158813522312309
-1.70473045498432,0.350566469047366,0.516583616048764
0.0366608699996628,-1.11904195967446,0.13473207164859
0.0366608699996628,-1.11908400761312,0.134627221336675
-1.70473045498432,0.0413448623677702,-0.0782152315956462
1.77805219498364,-0.972951677598902,-0.303010726152732
1.77805219498364,5.65579138672294,-2.81374726854427
0.0366608699996628,-0.972950191934843,-0.303012265348503
0.0366608699996628,-0.973576676112603,-0.304130583575838
1.77805219498364,5.75480804125802,-4.33815631007983
0.0366608699996628,-0.582544853155199,0.278454370693851
1.77805219498364,7.19321146573255,-8.68240778904804
0.0366608699996628,-0.0716762710395289,0.672364193062979
1.77805219498364,0.139529694507931,-0.161771119052751
1.77805219498364,0.347212278010808,0.520126572147553
-1.70473045498432,-0.297460739897225,-0.806892270432761
0.0366608699996628,-0.598404263204493,0.43256657419205
1.77805219498364,-0.0715826985091836,0.672682627754721
0.0366608699996628,-0.804377231704224,-0.372187489884253
0.0366608699996628,0.246079470022807,0.298255804854554
0.0366608699996628,-0.0714482328477646,0.672776648196393
0.0366608699996628,-0.58104179923176,0.410894491771097
0.0366608699996628,-0.297107989474159,-0.807567824443291
1.77805219498364,-1.11910730549914,0.134855211010256
0.0366608699996628,-0.142751770317355,-0.806670227876173
0.0366608699996628,-0.936022474143222,-0.34201133726222
0.0366608699996628,-1.09806611674649,0.174754410284136
0.0366608699996628,-0.936019693308226,-0.341787376877568
0.0366608699996628,-0.936019953071574,-0.341789863270737
0.0366608699996628,0.343120674732537,0.52701056479992
0.0366608699996628,-0.936019438405947,-0.34178709197835
0.0366608699996628,-1.11914515803187,0.134925005151824
0.0366608699996628,-0.936019438405947,-0.34178709197835
0.0366608699996628,0.0915043159364447,-1.05331523046672
0.0366608699996628,-0.936023530817986,-0.342021659000526
0.0366608699996628,-0.936023530817986,-0.342021659000526
-1.70473045498432,-0.800580445546156,0.496200060020819
0.0366608699996628,-0.898876810953297,-0.0542819472541857
0.0366608699996628,-0.898876559696819,-0.0542817425214155
-1.70473045498432,-0.968425983638451,-0.31036074855798
0.0366608699996628,-0.968932558624397,-0.309950892050759
0.0366608699996628,-0.0716007771267303,0.672546745628068
0.0366608699996628,0.352910650362277,0.532002378951193
-1.70473045498432,-0.275474807951433,0.291282182415118
1.77805219498364,-0.066475756866746,0.681009912441533
0.0366608699996628,0.345776561734868,0.514007241594218
0.0366608699996628,0.345779831411063,0.514008449024234
0.0366608699996628,-1.11897597036583,0.134641842463168
0.0366608699996628,-1.11897472471703,0.13467302721082
0.0366608699996628,-1.12541976660753,1.11772672526183
1.77805219498364,-0.580868799880387,0.410942140240179
1.77805219498364,-0.580868549231543,0.41094166417482
0.0366608699996628,0.114495139810209,-1.25159825793552
-1.70473045498432,-0.58091088701141,0.410954731305584
0.0366608699996628,0.345821906389415,0.515666125869639
0.0366608699996628,0.345817602824714,0.515637079716112
-1.70473045498432,-0.79688506097306,0.472539319397191
0.0366608699996628,-1.11910730549914,0.134855211010256
1.77805219498364,-0.306640388021796,-0.793839565929404
0.0366608699996628,0.259734289503885,0.293432960605689
0.0366608699996628,0.35802190650682,0.576081182941289
0.0366608699996628,0.358019986688582,0.576069745039382
-1.70473045498432,0.358018250375679,0.5760675669787
0.0366608699996628,-0.0665290329621755,0.648585718762832
0.0366608699996628,0.000739339145811946,0.784197760958314
0.0366608699996628,-1.11648170690315,0.218833308007307
0.0366608699996628,0.209255411782473,-0.083689080422492
-1.70473045498432,0.44163436180213,0.720280980474585
0.0366608699996628,0.31343703818041,0.413306537343816
1.77805219498364,-0.266231641460115,0.384741474995188
-1.70473045498432,-1.11920241746912,0.134566164104434
0.0366608699996628,-1.11909215932117,0.134487144654879
1.77805219498364,0.131920054233704,0.615927950892562
-1.70473045498432,-1.03967764925377,0.367334007023546
0.0366608699996628,-0.961370015419911,-0.468060472065859
0.0366608699996628,0.425430263411868,0.717313329628435
0.0366608699996628,-0.960132682691202,-0.470021535744352
-1.70473045498432,-0.803398005914084,-0.381420565382334
0.0366608699996628,0.0339498756370257,-0.355919944380585
-1.70473045498432,-0.348848589423998,-0.452532802429325
-1.70473045498432,-1.00040887307993,-0.310820894093695
-1.70473045498432,-0.800212040963454,0.522547510029173
0.0366608699996628,-0.0665101361660377,0.649651722833904
-1.70473045498432,-0.496918633700298,-0.37112661399909
-1.70473045498432,-0.295384914172352,-0.847767699691041
1.77805219498364,0.125066411888944,0.54124069610154
0.0366608699996628,-0.961369407482532,-0.467900950704156
0.0366608699996628,0.125063596722653,0.541225788842499
-1.70473045498432,0.0743381817095051,0.747093467405215
1.77805219498364,0.0743431652161622,0.747071449999043
1.77805219498364,0.313418963816299,0.413426192548387
0.0366608699996628,-0.370272599169419,-0.771617404786501
-1.70473045498432,-0.80338426002765,-0.381443717452055
0.0366608699996628,-0.340636678257997,-0.434204535254316
0.0366608699996628,0.428965400431519,0.64151149483314
-1.70473045498432,-0.202540480742497,-0.221576098367303
1.77805219498364,-0.0664638885680177,0.647712593928477
0.0366608699996628,0.25858476104012,0.286403405419933
-1.70473045498432,0.166219251015716,0.518221499181887
0.0366608699996628,-0.0339135596134248,-0.0493316975553782
0.0366608699996628,0.453982430673502,0.632435688636283
0.0366608699996628,0.313356322872416,0.413133203920063
0.0366608699996628,-0.590977787991127,0.395347525454249
0.0366608699996628,0.269624243944612,0.327838746739812
1.77805219498364,0.124143013343743,-0.99642218631807
0.0366608699996628,0.269884253383863,0.327009048686138
0.0366608699996628,0.269887121414274,0.326828156183154
0.0366608699996628,0.269887121414274,0.326828156183154
0.0366608699996628,0.269898399093181,0.326816895880759
1.77805219498364,0.269906116039415,0.326835741162313
0.0366608699996628,0.0658474505920822,0.699565939890753
0.0366608699996628,0.269906468466881,0.326834655831963
0.0366608699996628,0.269906462390545,0.326833977500493
0.0366608699996628,0.124059665463342,-0.998239708890954
0.0366608699996628,-0.903135441456479,-0.046337329082636
0.0366608699996628,0.269910441175108,0.326866547277672
0.0366608699996628,0.269875427506378,0.32723479739921
1.77805219498364,0.269867598147934,0.327230049078922
0.0366608699996628,0.269859288758977,0.327235068731797
1.77805219498364,-0.295475685511977,-0.847786094807166
0.0366608699996628,0.115388087710913,-1.2331888684834
-1.70473045498432,0.274560114864602,0.293188941342818
1.77805219498364,-0.370844153880828,-0.772641547172591
0.0366608699996628,0.140267129839719,0.652200782730166
-1.70473045498432,-0.981554712766478,-0.350601255860758
-1.70473045498432,-0.369461460013304,-0.767172972064588
-1.70473045498432,0.35496305788968,0.523977522800103
0.0366608699996628,-0.314312196500995,0.588825482192013
0.0366608699996628,-0.314358402779933,0.588964743642714
1.77805219498364,-0.130462055231271,-0.173381910384542
0.0366608699996628,-0.897211604545196,-0.0673275058438435
1.77805219498364,0.323143684462573,0.457686498306459
-1.70473045498432,-0.0664447253245633,0.649095600795226
-1.70473045498432,-0.145884686427508,0.272282473151614
0.0366608699996628,0.37614947410176,0.518622543546654
0.0366608699996628,0.39096105653179,0.666414070444731
0.0366608699996628,0.390953144535182,0.666431634296473
0.0366608699996628,-0.998020524400499,-0.319691887353292
0.0366608699996628,-0.0693316020986844,0.713706850870846
0.0366608699996628,-0.340398466153692,-0.410613388972805
1.77805219498364,0.163785545832882,-1.28812947362986
-1.70473045498432,-0.981677983387155,-0.351457407608415
0.0366608699996628,-0.336844214805088,-0.411662976188984
0.0366608699996628,0.354930612384198,0.523911555681353
0.0366608699996628,-1.11991606485841,0.155709323111978
0.0366608699996628,-0.899096128388183,-0.055049628544923
1.77805219498364,0.200004877734219,-0.181407541066837
0.0366608699996628,-0.3421476578498,-0.454620525393146
1.77805219498364,-0.962430801432513,-0.459342109553564
0.0366608699996628,-0.278499174883027,0.341238659522521
-1.70473045498432,-0.0347589212993722,-0.0534637672688651
0.0366608699996628,-0.0339255457930644,-0.048996152877313
0.0366608699996628,-0.370523369540362,-0.779481955178044
-1.70473045498432,-0.972757075051508,-0.303498572279004
1.77805219498364,0.271458970698127,0.340639526335352
1.77805219498364,0.259058733143493,0.58158722044636
1.77805219498364,-0.370523524183104,-0.779476782592256
0.0366608699996628,-0.142991460186483,-0.806833100195336
0.0366608699996628,-0.278499804695214,0.341272637762497
0.0366608699996628,-0.5809836088999,0.411496941382486
-1.70473045498432,-0.341138085928135,-0.42782780874153
-1.70473045498432,0.129113551277516,-0.997861659963006
-1.70473045498432,-0.341715786549205,-0.439606800377844
0.0366608699996628,-0.997995200056545,-0.318119362073926
0.0366608699996628,-0.997998301114427,-0.318118888475227
0.0366608699996628,0.269851125505892,0.326888457384138
-1.70473045498432,0.284031907129338,0.0458391992219282
-1.70473045498432,-0.295391511553749,-0.847777904263003
0.0366608699996628,-0.0572348337585389,-0.0862665574740092
1.77805219498364,0.0935533459326939,-1.05969726523159
1.77805219498364,-0.233180183435374,1.02951900215267
-1.70473045498432,0.274972750613349,0.302186782587223
1.77805219498364,-0.803837943550212,0.488460066087048
-1.70473045498432,-0.37105290882151,-0.750901553904895
0.0366608699996628,-0.0385985264830877,-0.0370294003235528
0.0366608699996628,0.161067886195028,-1.32712357645723
0.0366608699996628,-1.11722055528679,0.223985276218545
1.77805219498364,0.398264643325989,0.586982326089559
0.0366608699996628,-0.0374050773540274,-0.0511890122855966
0.0366608699996628,0.346231566860427,0.515990083412874
-1.70473045498432,-0.0243868138808126,0.395285569124479
-1.70473045498432,-0.0344563583703401,-0.0470830509337074
0.0366608699996628,-0.29511287814583,-0.847684647252568
0.0366608699996628,-0.801416136743967,-0.383068512487805
1.77805219498364,-0.0344566542878846,-0.047084212730515
0.0366608699996628,0.345847283293672,0.509723233031528
0.0366608699996628,0.345846857646362,0.5097282896843
0.0366608699996628,0.345849135056952,0.509719536741683
0.0366608699996628,0.345848504333314,0.50971382765737
0.0366608699996628,0.345837394057454,0.509726629622195
-1.70473045498432,-0.292048525887704,-0.798106244973042
-1.70473045498432,-0.0301233729634716,-0.0623307559061319
0.0366608699996628,-0.145843913304063,0.272601778574298
-1.70473045498432,0.267925324203603,0.302650250713809
-1.70473045498432,0.202145553454789,-0.0654974440054124
0.0366608699996628,0.427568531080633,0.649754264352163
0.0366608699996628,-0.0523620722679081,-0.76107867440914
1.77805219498364,0.317296505689993,0.251988089345328
1.77805219498364,-0.037319735524093,-1.90818504511281
1.77805219498364,0.35067188253293,0.515115270149824
-1.70473045498432,-1.00086357985741,-0.308210868231609
1.77805219498364,-1.00086918284648,-0.308212411127369
-1.70473045498432,-1.00086616898402,-0.308209606535075
0.0366608699996628,0.441720632399964,0.720171078443217
1.77805219498364,-0.990207715464741,-0.333925882677629
1.77805219498364,0.440234304501762,0.719451686953133
1.77805219498364,0.35892364048501,0.522436081135333
0.0366608699996628,0.358924557404055,0.522435857902613
-1.70473045498432,0.377589503056906,0.578452297993135
0.0366608699996628,2.59921675949886,1.85211250554707
0.0366608699996628,0.131969558443798,-0.299842315091518
1.77805219498364,0.425430673564522,0.717312194964886
-1.70473045498432,0.0407350865938752,-0.338369334902234
-1.70473045498432,0.440280646890618,0.719234467949959
-1.70473045498432,0.165614236050778,-1.25256619254271
-1.70473045498432,0.360001544446498,0.560180010430984
1.77805219498364,0.357827037208292,0.508026730959464
0.0366608699996628,0.360000269631286,0.560184684751473
1.77805219498364,0.357854544172,0.508145109667543
0.0366608699996628,0.357815064396591,0.508110221230068
0.0366608699996628,0.164255695921151,-1.28948333321003
1.77805219498364,0.788339243208342,-2.89203911756473
0.0366608699996628,0.788352709279521,-2.8920069782197
-1.70473045498432,-0.986369406667229,-0.3485141285953
1.77805219498364,0.357621417352973,0.50815363937744
0.0366608699996628,0.357468019956486,0.507911524376003
0.0366608699996628,0.441712092717886,0.720054785296074
-1.70473045498432,0.341905279398309,0.538569134475194
0.0366608699996628,0.338072766513527,0.533257787968527
0.0366608699996628,0.336347695743103,0.5239929554577
1.77805219498364,0.354812680735812,0.524387147441294
0.0366608699996628,0.357710469393435,0.508295743653664
0.0366608699996628,0.357804621910015,0.508055201147907
1.77805219498364,0.350540043671398,0.504701728928496
0.0366608699996628,0.3505404021752,0.504703217557739
0.0366608699996628,0.350538853013434,0.504696230743603
0.0366608699996628,0.350541444570575,0.504705718750867
1.77805219498364,0.356246856964491,0.526890810928953
0.0366608699996628,0.357784557849806,0.508137043689704
0.0366608699996628,-0.093384673343767,0.725371817453786
0.0366608699996628,0.355035055478964,0.523842834536836
-1.70473045498432,0.346713798526805,-3.92547205602823
0.0366608699996628,-0.961605299945716,-0.467824059982086
0.0366608699996628,0.357347603694466,0.508110270563266
-1.70473045498432,-1.08049785093219,0.261706263110565
0.0366608699996628,0.357347603694466,0.508110270563266
0.0366608699996628,0.357347603694466,0.508110270563266
-1.70473045498432,-1.09481181550261,0.267127695414762
1.77805219498364,0.245699034903215,-1.41526086902657
-1.70473045498432,-0.0443276186607226,-0.244181667256764
0.0366608699996628,0.357249343878825,0.50888558246637
0.0366608699996628,0.357605909329209,0.508274392245662
1.77805219498364,0.441693441709525,0.720341670174502
0.0366608699996628,0.593887128870358,-2.23115485632841
-1.70473045498432,0.368184205955736,0.512062221071645
-1.70473045498432,0.365093834828494,0.558879391237868
0.0366608699996628,0.357796608134786,0.508019222446761
-1.70473045498432,0.129326851621056,-0.999444426814232
0.0366608699996628,-0.788120337552863,0.507734761061673
0.0366608699996628,-0.788103538003964,0.507731359537687
1.77805219498364,0.355363712319856,0.537565050967324
0.0366608699996628,0.355365366298411,0.537578287064291
-1.70473045498432,0.352097041479551,0.516829614806197
1.77805219498364,0.352093818894956,0.516829582739618
1.77805219498364,0.361849982147518,0.838216380438001
1.77805219498364,-0.990731930052986,-0.334837251840238
-1.70473045498432,0.164230314459643,-1.28945313635966
0.0366608699996628,0.357808166844215,0.507967246222903
0.0366608699996628,0.35781061743037,0.507971713343962
0.0366608699996628,0.357808141627422,0.507968160120392
0.0366608699996628,0.35781042481053,0.507965039795632
1.77805219498364,-1.10639754062341,0.108110248894096
1.77805219498364,0.258596197007569,0.294384549891125
-1.70473045498432,-0.803124477235718,0.526119148449156
1.77805219498364,0.35757077382995,0.508100387890419
0.0366608699996628,0.357590523743609,0.508121561698909
0.0366608699996628,0.357590523743609,0.508121561698909
0.0366608699996628,0.357590523743609,0.508121561698909
0.0366608699996628,0.357590523743609,0.508121561698909
0.0366608699996628,0.357590523743609,0.508121561698909
-1.70473045498432,0.3578134477875,0.508127698748714
0.0366608699996628,0.357834515658354,0.508200392448982
0.0366608699996628,0.357838877859694,0.508150342686498
1.77805219498364,0.357890960562808,0.50815095935147
0.0366608699996628,0.357789800512177,0.507773691121377
0.0366608699996628,0.357841406222944,0.507917205093728
-1.70473045498432,0.441689015402844,0.720474924075044
0.0366608699996628,0.441689531283738,0.720473510678927
0.0366608699996628,0.352335535829646,0.507087398507019
0.0366608699996628,0.256336100936386,0.290225271685728
0.0366608699996628,-0.983181041260213,-0.334624030059415
1.77805219498364,-0.98342115495375,-0.334568702878097
-1.70473045498432,0.357489461521981,0.508065104787363
0.0366608699996628,0.357808513802979,0.507963212000654
0.0366608699996628,0.357808798175485,0.507962972734644
0.0366608699996628,0.336257015852329,0.492277272832312
0.0366608699996628,0.336267390283946,0.492273592575757
1.77805219498364,0.336270097899097,0.491612859491172
0.0366608699996628,0.357818726300251,0.507951434933012
0.0366608699996628,0.336267815627439,0.492258793849751
0.0366608699996628,0.357817295323213,0.507953854726363
0.0366608699996628,0.354970525402337,0.523927711070298
1.77805219498364,-1.13484105601641,1.18582842611383
0.0366608699996628,0.354966868663562,0.523913226843428
0.0366608699996628,0.390902487948038,0.640297529401937
-1.70473045498432,0.129225314229983,-0.999058859506941
-1.70473045498432,0.685094170926035,-2.25751035751464
-1.70473045498432,0.685094170926035,-2.25751035751464
-1.70473045498432,0.685094121707717,-2.25751023418165
0.0366608699996628,-0.961548066332898,-0.468090041151282
0.0366608699996628,0.585449551714018,-2.22988636168036
0.0366608699996628,0.585458393997609,-2.22987276175106
0.0366608699996628,-0.960692105390917,-0.435178988010266
0.0366608699996628,0.441674903417189,0.720190909155397
1.77805219498364,0.357779910364508,0.508279927430454
0.0366608699996628,0.357590523743609,0.508121561698909
1.77805219498364,-1.13666630520545,1.18909551960391
1.77805219498364,-1.13668354073143,1.18908290633856
-1.70473045498432,0.348810566950018,0.525222637212389
-1.70473045498432,0.135491753780034,-0.549279888709263
0.0366608699996628,0.140007810976012,-0.16117783801617
-1.70473045498432,-0.803474088319987,-0.381030285521325
0.0366608699996628,0.345742576182124,0.514152721494501
0.0366608699996628,-0.302842762721779,-0.806017074837428
0.0366608699996628,-0.303375259355471,-0.805377874460347
-1.70473045498432,0.140672857706319,-0.160933879186465
1.77805219498364,0.251906028142834,0.299871303049182
1.77805219498364,0.313007071507214,0.412358870047605
0.0366608699996628,0.441003410302424,0.70985291679316
0.0366608699996628,-0.803485292475233,-0.381192491842317
0.0366608699996628,-0.803491948797085,-0.380901010343184
0.0366608699996628,-0.803418752954417,-0.3809441337247
0.0366608699996628,0.140082322649158,-0.161344859257266
0.0366608699996628,0.313367151206303,0.413648664303796
0.0366608699996628,0.313325332649315,0.413722476634324
0.0366608699996628,0.313444327656434,0.413610133842994
1.77805219498364,0.0340482211289991,-0.355711644819571
0.0366608699996628,-0.0386199273371335,-1.89620827668657
0.0366608699996628,0.161270368838268,0.489514875222212
0.0366608699996628,-0.900022182899683,-0.0511348888343048
0.0366608699996628,-0.996896863201275,-0.335546956756935
0.0366608699996628,0.259159113904081,0.288287567276387
0.0366608699996628,0.14922801590648,-0.504650822231057
0.0366608699996628,-0.0364264853256925,-0.367396772647117
0.0366608699996628,0.313310648272844,0.412955261542307
0.0366608699996628,0.313310541936971,0.412954854543424
0.0366608699996628,-0.0386191842012872,-1.8962102549478
0.0366608699996628,0.31332946121555,0.412961711857917
0.0366608699996628,0.31330981247288,0.412908059538664
0.0366608699996628,0.441478758391998,0.719672720645826
0.0366608699996628,0.4460006892778,0.822829216682085
0.0366608699996628,0.445996726291711,0.822835259998813
0.0366608699996628,0.44600115077549,0.822828234951449
0.0366608699996628,0.446009295495752,0.822887153589565
0.0366608699996628,0.356797926829448,0.767004667930993
1.77805219498364,0.205396387237757,-0.0801938344592825
0.0366608699996628,0.205398814430019,-0.0801861064138495
1.77805219498364,-0.038195599199574,-0.372633938057602
0.0366608699996628,0.372710467142116,0.533476747200254
0.0366608699996628,-0.0204088584343175,0.426248698484233
0.0366608699996628,-1.11977121656232,0.155605232531308
0.0366608699996628,0.13983663118334,-0.16070979176883
0.0366608699996628,0.140077181765408,-0.161268421167286
0.0366608699996628,0.317479382124913,0.434427160946611
0.0366608699996628,0.313209043434446,0.412727324901913
0.0366608699996628,0.259956001015004,0.295306243258702
0.0366608699996628,0.3296968459347,0.369719975067915
0.0366608699996628,-0.0168412224374319,-0.0350198815781936
0.0366608699996628,0.164604529234462,-1.32554216380228
0.0366608699996628,0.164604702410027,-1.32554527179374
0.0366608699996628,0.0272950291188703,0.311663765115151
0.0366608699996628,0.268937546622865,0.337059315038925
0.0366608699996628,0.313242866445212,0.413125281008498
0.0366608699996628,0.188641540724507,0.889851740265878
0.0366608699996628,0.0359030702755458,-0.310492658128882
0.0366608699996628,0.313112707386662,0.412785058309953
0.0366608699996628,0.312958338991744,0.412857623743907
0.0366608699996628,0.312959143802396,0.41285667284652
0.0366608699996628,0.317483502488095,0.434414895480311
0.0366608699996628,0.313112095499665,0.412804891488793
0.0366608699996628,0.140076309811247,-0.161275082382317
0.0366608699996628,0.140052083461139,-0.161255164103711
0.0366608699996628,0.317477511524993,0.43444167107341
0.0366608699996628,0.11656936320538,0.612259048373154
0.0366608699996628,-0.803463540408989,-0.381141962314484
0.0366608699996628,0.116574718583777,0.612257314311252
-1.70473045498432,0.428610746900137,0.640785819526989
0.0366608699996628,0.116776887991915,0.609006630276089
0.0366608699996628,0.116778128172015,0.609013457990663
-1.70473045498432,0.315183421698013,0.421749398613072
0.0366608699996628,0.314339327535676,0.41604655248208
0.0366608699996628,0.14005166723215,-0.160682245344516
0.0366608699996628,-0.996276862777436,-0.290995668998359
0.0366608699996628,0.258594832566406,0.287262794658695
0.0366608699996628,0.259989533880744,0.293109179428637
1.77805219498364,0.316535681630962,0.424586475584651
0.0366608699996628,-0.00574130551415274,0.204264810168709
1.77805219498364,-0.0845952638986727,0.699932898715839
0.0366608699996628,-0.0845960416696318,0.699932590383352
0.0366608699996628,0.140176920561138,-0.160835334890556
0.0366608699996628,-0.99627881601552,-0.290995385332472
0.0366608699996628,0.35510169404405,0.523673643868367
0.0366608699996628,2.58505171892665,1.84317218557795
0.0366608699996628,0.140004753667745,-0.161112356829418
0.0366608699996628,0.25838771550199,0.288276398240408
0.0366608699996628,0.258370219908846,0.288312743240548
0.0366608699996628,0.313104265533588,0.41378183927122
0.0366608699996628,0.313263362532884,0.412889266056968
0.0366608699996628,-0.142504906118763,-0.805490391151198
1.77805219498364,-0.071323154821058,0.792226688331552
-1.70473045498432,-0.0713330893259764,0.792358568302535
0.0366608699996628,-0.14279760593982,-0.806872078354907
0.0366608699996628,-0.143371524345785,-0.805080507510719
0.0366608699996628,-0.142878333704303,-0.806515768100563
0.0366608699996628,0.350814744171088,0.520397384270143
-1.70473045498432,0.14007359611976,-0.161099653530987
1.77805219498364,-0.981241629877592,-0.336621253738556
-1.70473045498432,0.139783153353568,-0.160894443461485
0.0366608699996628,0.140179833252617,-0.160564124402395
0.0366608699996628,0.140177139613038,-0.160600095703561
0.0366608699996628,0.140200704250197,-0.160406408635731
-1.70473045498432,0.140375626154158,-0.161000133671093
-1.70473045498432,0.139999067129058,-0.161373487311942
0.0366608699996628,0.139737857917339,-0.162339742123749
0.0366608699996628,0.126254278384656,0.571390683628797
0.0366608699996628,0.126254046572452,0.571462484398185
-1.70473045498432,0.126256317906706,0.571460979735653
0.0366608699996628,0.0400168400261507,-0.750184595774793
0.0366608699996628,0.0400127858950266,-0.750173141839597
0.0366608699996628,0.139403543096537,-0.159690570369219
0.0366608699996628,0.0326211724420002,0.804053029971102
0.0366608699996628,0.0326245660754425,0.804051636308265
0.0366608699996628,0.140141984973321,-0.160797418628068
0.0366608699996628,-0.899673179752792,-0.0521734204808588
0.0366608699996628,0.14014536007394,-0.160703829851877
0.0366608699996628,0.140146050345666,-0.160724299428969
-1.70473045498432,0.0911861738905225,-1.05546511079309
0.0366608699996628,0.164421640039238,-1.31306170342664
0.0366608699996628,0.140004750933394,-0.161112557862199
0.0366608699996628,0.258538322037528,0.288268416129006
0.0366608699996628,0.258779841187493,0.288859686837778
-1.70473045498432,-0.899183759781378,-0.0543745283998121
0.0366608699996628,0.357252240468014,0.508405675284952
0.0366608699996628,0.140700591317346,-0.163192044648649
-1.70473045498432,-0.899188396025454,-0.0543646962934938
0.0366608699996628,0.140195665752702,-0.160358813199837
-1.70473045498432,-1.12120985707478,0.15534241485342
1.77805219498364,-0.35540119734195,-0.456148582961357
0.0366608699996628,0.353546092577822,0.51350037135355
0.0366608699996628,0.353548667728856,0.51347248823016
0.0366608699996628,0.353548537087641,0.513482103270409
0.0366608699996628,0.353547910009805,0.513474349325046
0.0366608699996628,-0.999527203465768,-0.308985928535404
0.0366608699996628,0.140195665752702,-0.160358813199837
-1.70473045498432,-1.12120985707478,0.15534241485342
1.77805219498364,-0.35540119734195,-0.456148582961357
0.0366608699996628,0.353546092577822,0.51350037135355
0.0366608699996628,0.353548667728856,0.51347248823016
0.0366608699996628,0.353548537087641,0.513482103270409
0.0366608699996628,0.353547910009805,0.513474349325046
0.0366608699996628,-0.349648815177526,-0.447677543802856
1.77805219498364,0.0920849635802894,-1.04910704826236
0.0366608699996628,0.351910512255476,0.52516645163343
0.0366608699996628,0.0916352956041198,-1.05460699681749
-1.70473045498432,0.359091279293101,0.560270101483451
0.0366608699996628,0.0916313620882579,-1.05454115919839
0.0366608699996628,-0.278254877024783,0.341986957799847
1.77805219498364,-0.278240270729225,0.341283081600468
-1.70473045498432,-0.941298633225743,-0.33451693138701
0.0366608699996628,-0.27813429396735,0.341152120460293
0.0366608699996628,0.444442614135342,0.697768574862485
0.0366608699996628,0.445516560883259,0.69537182628107
0.0366608699996628,-0.369366213756313,-0.764992110490007
1.77805219498364,-0.347882277669947,-0.445074468988337
0.0366608699996628,-0.347882277669947,-0.445074468988337
0.0366608699996628,-0.347882277669947,-0.445074468988337
0.0366608699996628,-0.0647142848963541,0.676992473346422
-1.70473045498432,-0.34885180289409,-0.44733462997837
0.0366608699996628,0.352533219383015,0.524407403652306
0.0366608699996628,-0.0663750258054095,0.672642368165337
0.0366608699996628,0.354861957994771,0.523816837174933
1.77805219498364,0.313952239436217,0.414738631975692
-1.70473045498432,-0.348266631114561,-0.445110009857352
-1.70473045498432,-0.0716803367156908,0.674226135247149
0.0366608699996628,-0.347030307969015,-0.444552751921795
0.0366608699996628,-1.11582973219366,1.36782265163736
0.0366608699996628,-0.0706472192973236,0.66965234594732
0.0366608699996628,0.11197082643736,0.608271199330076
0.0366608699996628,0.111976003475307,0.608268836269902
0.0366608699996628,0.111975191069235,0.608276290516087
0.0366608699996628,0.160195793797248,-1.32335891696759
0.0366608699996628,0.111972322127373,0.608291551740822
0.0366608699996628,-0.260209637701127,-0.0289838143627523
0.0366608699996628,0.205402528893982,-0.0801741061134879
0.0366608699996628,0.111975774397454,0.608257832500136
0.0366608699996628,-0.0712063746382715,0.671798079818418
0.0366608699996628,-0.128111610125788,-0.166988632583898
0.0366608699996628,-0.128107485812988,-0.166970163467976
0.0366608699996628,-0.128109008238877,-0.166989985546847
0.0366608699996628,-0.128107962501517,-0.16697076039967
0.0366608699996628,-0.12811065583728,-0.166993660870083
0.0366608699996628,-0.128105147942859,-0.16697433335652
0.0366608699996628,-0.0713101125742884,0.671860513446877
-1.70473045498432,-0.619427463876996,0.376569115049376
0.0366608699996628,-0.505984260298453,-0.566073849033232
0.0366608699996628,-0.348830809458347,-0.446752826310254
1.77805219498364,-0.999527887053525,-0.30896282949887
-1.70473045498432,-0.982239778288295,-0.352759202164967
0.0366608699996628,0.147977026917287,-0.131545876198931
0.0366608699996628,-0.348622821958854,-0.446760627122155
0.0366608699996628,-0.999527203465768,-0.308985928535404
0.0366608699996628,0.345548189344644,0.513017686713096
0.0366608699996628,-0.619829429276581,0.380005664373859
1.77805219498364,0.310271490021273,0.417695889550399
0.0366608699996628,-0.999622147728878,-0.30867107913381
0.0366608699996628,-0.803398550961389,-0.381403316029728
1.77805219498364,0.0386313762610356,-0.750490989466285
1.77805219498364,0.310280358433107,0.417735885207175
0.0366608699996628,-0.996209093710108,-0.29950372778848
-1.70473045498432,-0.071263389806823,0.672121180197342
0.0366608699996628,2.5086848578784,1.97129045829648
0.0366608699996628,2.50868485727077,1.97129046076314
0.0366608699996628,0.12182130474848,-1.00827155546102
0.0366608699996628,2.50868446838529,1.97129051626298
0.0366608699996628,-0.341661241714899,-0.460911042142801
0.0366608699996628,-0.619833986832111,0.380049953252173
1.77805219498364,0.304055937351486,-3.21947788626819
0.0366608699996628,-0.995565309901027,-0.298087784845559
0.0366608699996628,-0.995617818251451,-0.29816308703866
0.0366608699996628,2.50868688160198,1.9713022920973
0.0366608699996628,-0.804869424003764,-0.381839108232356
0.0366608699996628,-0.676439697254589,0.173958473404367
0.0366608699996628,-0.0713050877485491,0.67174809665575
0.0366608699996628,-1.12056760237556,0.153857913565534
0.0366608699996628,-0.676449485319819,0.173875094133458
0.0366608699996628,-0.676447654519897,0.173831197454068
0.0366608699996628,-0.676521357128955,0.174172353783381
1.77805219498364,-0.676520216296943,0.174168212261427
0.0366608699996628,-0.67644580154135,0.173898078470307
0.0366608699996628,-0.233411542952186,1.04277227570494
0.0366608699996628,-0.9981410217816,-0.31871392947364
0.0366608699996628,-0.998141671949511,-0.31871236314461
0.0366608699996628,-0.998141283064031,-0.318712486477604
0.0366608699996628,2.59500689705771,1.83966017249415
0.0366608699996628,-0.131946614915808,-0.176296451576616
0.0366608699996628,-0.998141826896069,-0.318712868809887
0.0366608699996628,-0.341839265284377,-0.460361279153317
0.0366608699996628,-0.341839657815658,-0.460356664032664
0.0366608699996628,2.59500665187757,1.83965876033136
0.0366608699996628,-0.805741658587797,-0.366880616665295
0.0366608699996628,0.0667912941837369,0.700451390624576
0.0366608699996628,-1.11795066802652,1.36889352859505
0.0366608699996628,0.164904065236906,-1.32222506124961
1.77805219498364,-0.358360433854958,-1.08920432032535
0.0366608699996628,-0.358354579913224,-1.08918294425075
0.0366608699996628,2.59501004642246,1.83964839172651
-1.70473045498432,0.353914536049072,0.506038641321893
1.77805219498364,0.160186174046515,-1.32328304374272
0.0366608699996628,-0.800754154309712,-0.384506049804728
1.77805219498364,-0.8090469399837,-0.369171332171378
-1.70473045498432,0.14068891806899,-0.158974515036636
0.0366608699996628,0.351698490372949,0.511101755510598
-1.70473045498432,0.113939573760711,-1.47662050883624
-1.70473045498432,-0.997764612538172,-0.318763325571253
0.0366608699996628,-0.292049309734998,-0.798104444311322
0.0366608699996628,0.188594142268521,0.884097956374843
0.0366608699996628,-2.19857576390477,-1.87439629271667
0.0366608699996628,0.160181570614651,-1.32322231950956
1.77805219498364,0.126568686826158,-0.770756536785136
0.0366608699996628,-0.34912443926257,-0.447481115042559
0.0366608699996628,-0.349123337622923,-0.447440886286423
-1.70473045498432,-0.37044653397266,-0.763350381834116
0.0366608699996628,-0.580836780326033,0.410419303310047
0.0366608699996628,0.357258489371563,0.508372583809206
0.0366608699996628,0.160503106294015,-1.32302348945587
1.77805219498364,0.140695741186256,-0.15896148983909
0.0366608699996628,-0.348852640516955,-0.447565268844673
-1.70473045498432,-0.0714231898381496,0.672268605058947
0.0366608699996628,0.164888239420789,-1.32222556691489
0.0366608699996628,0.164887999405532,-1.32222567791458
0.0366608699996628,0.164888421710858,-1.32222580124758
0.0366608699996628,0.140692911436758,-0.158968575319622
-1.70473045498432,-0.998165163670642,-0.31917728783386
0.0366608699996628,-1.00106385344884,-0.309017262515978
0.0366608699996628,0.140602521387193,-0.163010849979828
0.0366608699996628,-1.00106463030835,-0.308968515149915
0.0366608699996628,0.357308249699204,0.508460807600139
0.0366608699996628,0.357327801220505,0.508466146685469
0.0366608699996628,0.140077433933336,-0.161440175928709
0.0366608699996628,-0.348974618397228,-0.443928270104273
0.0366608699996628,0.256562099909917,0.284817821643113
0.0366608699996628,0.0883343891698613,0.485969189764255
0.0366608699996628,0.357336144636941,0.508622224589966
-1.70473045498432,0.205430547788966,-0.0798605147084376
0.0366608699996628,0.357041250347276,0.508329338328027
0.0366608699996628,-0.333592096484771,-0.437900961998099
-1.70473045498432,0.159949292659709,-1.32405764278112
0.0366608699996628,6.26276777548143,-2.6344807100596
0.0366608699996628,0.258608785352068,0.28714187529093
0.0366608699996628,-1.12064230180748,1.32239477955394
-1.70473045498432,0.357276144772334,0.508229074770175
0.0366608699996628,-0.333597268661649,-0.437899863101118
-1.70473045498432,0.345557658098437,0.513012158928284
-1.70473045498432,0.479158685517829,0.954165075793375
0.0366608699996628,0.352382127652079,0.527931931335062
0.0366608699996628,-0.649610625954303,0.247931669623987
0.0366608699996628,-0.649674706989727,0.248071146907429
0.0366608699996628,0.0337508565050881,-0.355772626818685
0.0366608699996628,-0.34905670726089,-0.446333360929435
0.0366608699996628,-0.997626489226528,-0.319093126631767
0.0366608699996628,-0.638596539094524,-0.160493254797114
0.0366608699996628,0.0883380565422231,0.485966583738082
0.0366608699996628,-0.348920787228541,-0.446410667283696
-1.70473045498432,0.358109850527483,0.508480107980442
